ID_hecho,FECHA,AAAA,MM,DD,ROL,VICTIMA,SEXO,EDAD,FECHA_FALLECIMIENTO
2016-0001,01/01/2016,2016,1,1,CONDUCTOR,MOTO,MASCULINO,19,01/01/2016
2016-0002,02/01/2016,2016,1,2,CONDUCTOR,AUTO,MASCULINO,70,02/01/2016
2016-0003,03/01/2016,2016,1,3,CONDUCTOR,MOTO,MASCULINO,30,03/01/2016
2016-0004,10/01/2016,2016,1,10,CONDUCTOR,MOTO,MASCULINO,18,SD
2016-0005,21/01/2016,2016,1,21,CONDUCTOR,MOTO,MASCULINO,29,01/02/2016
2016-0008,24/01/2016,2016,1,24,CONDUCTOR,MOTO,MASCULINO,30,24/01/2016
2016-0009,24/01/2016,2016,1,24,PASAJERO_ACOMPA베NTE,MOTO,MASCULINO,29,26/01/2016
2016-0010,29/01/2016,2016,1,29,CONDUCTOR,MOTO,MASCULINO,18,29/01/2016
2016-0012,08/02/2016,2016,2,8,CONDUCTOR,MOTO,MASCULINO,22,08/02/2016
2016-0013,10/02/2016,2016,2,10,PEATON,PEATON,MASCULINO,16,10/02/2016
2016-0015,14/02/2016,2016,2,14,PEATON,PEATON,FEMENINO,16,14/02/2016
2016-0016,14/02/2016,2016,2,14,PASAJERO_ACOMPA베NTE,MOTO,FEMENINO,19,14/02/2016
2016-0017,15/02/2016,2016,2,15,PEATON,PEATON,MASCULINO,59,16/02/2016
2016-0019,17/02/2016,2016,2,17,PEATON,PEATON,FEMENINO,65,17/02/2016
2016-0020,17/02/2016,2016,2,17,PEATON,PEATON,MASCULINO,59,02/03/2016
2016-0021,17/02/2016,2016,2,17,CONDUCTOR,AUTO,MASCULINO,34,17/02/2016
2016-0022,21/02/2016,2016,2,21,PASAJERO_ACOMPA베NTE,MOTO,MASCULINO,41,SD
2016-0025,28/02/2016,2016,2,28,PASAJERO_ACOMPA베NTE,AUTO,MASCULINO,34,28/02/2016
2016-0026,28/02/2016,2016,2,28,CONDUCTOR,AUTO,MASCULINO,30,04/03/2016
2016-0027,28/02/2016,2016,2,28,PASAJERO_ACOMPA베NTE,AUTO,MASCULINO,34,SD
2016-0028,02/03/2016,2016,3,2,PEATON,PEATON,MASCULINO,50,02/03/2016
2016-0029,04/03/2016,2016,3,4,PEATON,PEATON,MASCULINO,38,04/03/2016
2016-0031,08/03/2016,2016,3,8,CONDUCTOR,MOTO,MASCULINO,21,SD
2016-0034,12/03/2016,2016,3,12,PEATON,PEATON,MASCULINO,52,12/03/2016
2016-0035,13/03/2016,2016,3,13,CONDUCTOR,MOTO,MASCULINO,34,13/03/2016
2016-0036,14/03/2016,2016,3,14,PASAJERO_ACOMPA베NTE,MOTO,MASCULINO,36,14/03/2016
2016-0037,19/03/2016,2016,3,19,CONDUCTOR,MOTO,MASCULINO,20,19/03/2016
2016-0038,21/03/2016,2016,3,21,PEATON,PEATON,MASCULINO,29,21/03/2016
2016-0039,23/03/2016,2016,3,23,CONDUCTOR,MOTO,MASCULINO,20,23/03/2016
2016-0041,29/03/2016,2016,3,29,CONDUCTOR,MOTO,MASCULINO,54,29/03/2016
2016-0041,29/03/2016,2016,3,29,PASAJERO_ACOMPA베NTE,MOTO,MASCULINO,SD,30/03/2016
2016-0043,30/03/2016,2016,3,30,PEATON,PEATON,FEMENINO,56,30/03/2016
2016-0044,31/03/2016,2016,3,31,CONDUCTOR,MOTO,MASCULINO,24,31/03/2016
2016-0045,11/04/2016,2016,4,11,CONDUCTOR,MOTO,MASCULINO,SD,SD
2016-0047,15/04/2016,2016,4,15,PEATON,PEATON,MASCULINO,41,15/04/2016
2016-0048,15/04/2016,2016,4,15,PEATON,PEATON,FEMENINO,SD,SD
2016-0049,17/04/2016,2016,4,17,SD,SD,SD,SD,SD
2016-0050,19/04/2016,2016,4,19,PEATON,PEATON,MASCULINO,78,19/04/2016
2016-0051,20/04/2016,2016,4,20,CONDUCTOR,MOTO,MASCULINO,36,20/04/2016
2016-0052,20/04/2016,2016,4,20,SD,MOTO,SD,SD,SD
2016-0053,22/04/2016,2016,4,22,PEATON,PEATON,MASCULINO,38,22/04/2016
2016-0054,23/04/2016,2016,4,23,CONDUCTOR,MOTO,MASCULINO,30,25/04/2016
2016-0055,25/04/2016,2016,4,25,PEATON,PEATON,MASCULINO,79,28/04/2016
2016-0056,26/04/2016,2016,4,26,CONDUCTOR,MOTO,MASCULINO,26,26/04/2016
2016-0058,04/05/2016,2016,5,4,PEATON,PEATON,FEMENINO,57,08/05/2016
2016-0059,08/05/2016,2016,5,8,PEATON,PEATON,MASCULINO,37,26/05/2016
2016-0064,14/05/2016,2016,5,14,PEATON,PEATON,MASCULINO,20,SD
2016-0065,20/05/2016,2016,5,20,PEATON,PEATON,MASCULINO,20,20/05/2016
2016-0067,21/05/2016,2016,5,21,PASAJERO_ACOMPA베NTE,MOTO,FEMENINO,30,SD
2016-0068,22/05/2016,2016,5,22,CONDUCTOR,MOTO,MASCULINO,58,SD
2016-0069,23/05/2016,2016,5,23,CONDUCTOR,AUTO,MASCULINO,30,23/05/2016
2016-0073,11/06/2016,2016,6,11,CONDUCTOR,MOTO,MASCULINO,23,SD
2016-0074,12/06/2016,2016,6,12,CONDUCTOR,AUTO,MASCULINO,60,SD
2016-0075,12/06/2016,2016,6,12,PEATON,PEATON,MASCULINO,42,12/06/2016
2016-0076,13/06/2016,2016,6,13,PEATON,PEATON,FEMENINO,53,13/06/2016
2016-0077,13/06/2016,2016,6,13,PEATON,PEATON,FEMENINO,SD,SD
2016-0078,13/06/2016,2016,6,13,CONDUCTOR,MOTO,MASCULINO,30,SD
2016-0079,16/06/2016,2016,6,16,CONDUCTOR,AUTO,FEMENINO,51,SD
2016-0080,18/06/2016,2016,6,18,CONDUCTOR,AUTO,MASCULINO,60,SD
2016-0081,22/06/2016,2016,6,22,CONDUCTOR,MOTO,MASCULINO,40,SD
2016-0082,27/06/2016,2016,6,27,PEATON,PEATON,MASCULINO,87,05/07/2016
2016-0083,28/06/2016,2016,6,28,PEATON,PEATON,FEMENINO,76,29/06/2016
2016-0084,29/06/2016,2016,6,29,PEATON,PEATON,MASCULINO,57,08/07/2016
2016-0085,29/06/2016,2016,6,29,SD,MOTO,MASCULINO,SD,SD
2016-0086,30/06/2016,2016,6,30,PEATON,PEATON,MASCULINO,75,01/07/2016
2016-0087,03/07/2016,2016,7,3,CONDUCTOR,MOTO,MASCULINO,23,03/07/2016
2016-0088,11/07/2016,2016,7,11,PEATON,PEATON,FEMENINO,70,14/07/2016
2016-0089,14/07/2016,2016,7,14,PEATON,PEATON,MASCULINO,35,14/07/2016
2016-0090,14/07/2016,2016,7,14,PEATON,PEATON,MASCULINO,60,15/07/2016
2016-0092,15/07/2016,2016,7,15,CONDUCTOR,MOTO,MASCULINO,24,15/07/2016
2016-0093,17/07/2016,2016,7,17,CONDUCTOR,AUTO,MASCULINO,35,19/07/2016
2016-0095,23/07/2016,2016,7,23,CONDUCTOR,MOTO,MASCULINO,29,23/07/2016
2016-0096,25/07/2016,2016,7,25,CONDUCTOR,MOTO,MASCULINO,SD,SD
2016-0097,26/07/2016,2016,7,26,PEATON,PEATON,MASCULINO,80,12/08/2016
2016-0098,27/07/2016,2016,7,27,CONDUCTOR,MOTO,FEMENINO,43,SD
2016-0099,29/07/2016,2016,7,29,CONDUCTOR,CARGAS,MASCULINO,45,SD
2016-0100,03/08/2016,2016,8,3,CONDUCTOR,MOTO,MASCULINO,57,03/08/2016
2016-0101,07/08/2016,2016,8,7,SD,SD,MASCULINO,67,SD
2016-0102,10/08/2016,2016,8,10,CONDUCTOR,MOTO,MASCULINO,29,SD
2016-0104,14/08/2016,2016,8,14,CONDUCTOR,MOTO,MASCULINO,21,15/08/2016
2016-0105,17/08/2016,2016,8,17,PEATON,PEATON,MASCULINO,19,26/08/2016
2016-0106,19/08/2016,2016,8,19,PEATON,PEATON,MASCULINO,38,SD
2016-0107,20/08/2016,2016,8,20,CONDUCTOR,MOTO,MASCULINO,21,SD
2016-0109,24/08/2016,2016,8,24,CONDUCTOR,AUTO,FEMENINO,53,24/08/2016
2016-0110,24/08/2016,2016,8,24,PEATON,PEATON,MASCULINO,57,SD
2016-0111,25/08/2016,2016,8,25,CONDUCTOR,MOTO,MASCULINO,27,25/08/2016
2016-0112,27/08/2016,2016,8,27,CONDUCTOR,MOTO,MASCULINO,24,27/08/2016
2016-0113,27/08/2016,2016,8,27,PEATON,PEATON,FEMENINO,60,SD
2016-0114,31/08/2016,2016,8,31,CICLISTA,BICICLETA,FEMENINO,55,31/08/2016
2016-0115,02/09/2016,2016,9,2,SD,SD,MASCULINO,SD,SD
2016-0116,02/09/2016,2016,9,2,CONDUCTOR,MOTO,MASCULINO,30,02/09/2016
2016-0117,03/09/2016,2016,9,3,CONDUCTOR,AUTO,MASCULINO,43,SD
2016-0118,04/09/2016,2016,9,4,CONDUCTOR,AUTO,MASCULINO,27,04/09/2016
2016-0119,04/09/2016,2016,9,4,PASAJERO_ACOMPA베NTE,SD,FEMENINO,SD,SD
2016-0122,13/09/2016,2016,9,13,CICLISTA,BICICLETA,MASCULINO,49,13/09/2016
2016-0123,14/09/2016,2016,9,14,CONDUCTOR,MOTO,FEMENINO,58,SD
2016-0124,16/09/2016,2016,9,16,PEATON,PEATON,MASCULINO,67,SD
2016-0125,17/09/2016,2016,9,17,CONDUCTOR,MOTO,MASCULINO,30,SD
2016-0126,18/09/2016,2016,9,18,CONDUCTOR,AUTO,MASCULINO,37,SD
2016-0126,18/09/2016,2016,9,18,PASAJERO_ACOMPA베NTE,AUTO,MASCULINO,60,SD
2016-0127,24/09/2016,2016,9,24,PEATON,PEATON,MASCULINO,50,SD
2016-0128,02/10/2016,2016,10,2,PEATON,PEATON,FEMENINO,81,02/10/2016
2016-0130,04/10/2016,2016,10,4,CONDUCTOR,MOTO,MASCULINO,29,04/10/2016
2016-0131,09/10/2016,2016,10,9,PEATON,PEATON,MASCULINO,35,SD
2016-0132,10/10/2016,2016,10,10,PASAJERO_ACOMPA베NTE,AUTO,MASCULINO,30,10/10/2016
2016-0133,14/10/2016,2016,10,14,CONDUCTOR,MOTO,MASCULINO,41,25/10/2016
2016-0134,23/10/2016,2016,10,23,CONDUCTOR,MOTO,MASCULINO,25,23/10/2016
2016-0135,24/10/2016,2016,10,24,PEATON,PEATON,MASCULINO,29,25/10/2016
2016-0136,25/10/2016,2016,10,25,CONDUCTOR,MOTO,SD,SD,SD
2016-0137,25/10/2016,2016,10,25,CONDUCTOR,MOTO,MASCULINO,30,SD
2016-0138,27/10/2016,2016,10,27,CICLISTA,BICICLETA,FEMENINO,33,SD
2016-0139,28/10/2016,2016,10,28,PASAJERO_ACOMPA베NTE,MOTO,FEMENINO,35,SD
2016-0140,31/10/2016,2016,10,31,PASAJERO_ACOMPA베NTE,PASAJEROS,MASCULINO,20,SD
2016-0142,05/11/2016,2016,11,5,CONDUCTOR,MOTO,MASCULINO,46,05/11/2016
2016-0143,06/11/2016,2016,11,6,CONDUCTOR,MOTO,MASCULINO,35,SD
2016-0144,07/11/2016,2016,11,7,PEATON,PEATON,MASCULINO,83,SD
2016-0145,07/11/2016,2016,11,7,CONDUCTOR,MOTO,MASCULINO,39,07/11/2016
2016-0146,09/11/2016,2016,11,9,PEATON,PEATON,FEMENINO,29,SD
2016-0147,16/11/2016,2016,11,16,PASAJERO_ACOMPA베NTE,MOVIL,MASCULINO,55,16/11/2016
2016-0148,16/11/2016,2016,11,16,CONDUCTOR,MOTO,MASCULINO,SD,SD
2016-0150,18/11/2016,2016,11,18,PASAJERO_ACOMPA베NTE,CARGAS,MASCULINO,41,18/11/2016
2016-0151,18/11/2016,2016,11,18,PEATON,PEATON,SD,SD,SD
2016-0152,23/11/2016,2016,11,23,CONDUCTOR,MOTO,MASCULINO,42,24/11/2016
2016-0153,25/11/2016,2016,11,25,PEATON,PEATON,FEMENINO,83,25/11/2016
2016-0154,26/11/2016,2016,11,26,CONDUCTOR,MOTO,MASCULINO,38,SD
2016-0155,26/11/2016,2016,11,26,PEATON,PEATON,FEMENINO,29,SD
2016-0156,26/11/2016,2016,11,26,CONDUCTOR,MOTO,MASCULINO,23,30/11/2016
2016-0157,03/12/2016,2016,12,3,CONDUCTOR,MOTO,MASCULINO,23,SD
2016-0159,04/12/2016,2016,12,4,CONDUCTOR,AUTO,MASCULINO,23,SD
2016-0160,06/12/2016,2016,12,6,CONDUCTOR,CARGAS,MASCULINO,29,06/12/2016
2016-0161,06/12/2016,2016,12,6,PEATON,PEATON,MASCULINO,50,06/12/2016
2016-0162,07/12/2016,2016,12,7,PEATON,PEATON,MASCULINO,38,01/01/2017
2016-0163,10/12/2016,2016,12,10,CONDUCTOR,MOTO,MASCULINO,23,SD
2016-0164,11/12/2016,2016,12,11,CONDUCTOR,AUTO,MASCULINO,29,SD
2016-0165,12/12/2016,2016,12,12,CICLISTA,BICICLETA,MASCULINO,37,SD
2016-0168,13/12/2016,2016,12,13,CONDUCTOR,MOTO,MASCULINO,43,13/12/2016
2016-0169,15/12/2016,2016,12,15,CONDUCTOR,MOTO,MASCULINO,24,16/12/2016
2016-0170,19/12/2016,2016,12,19,PASAJERO_ACOMPA베NTE,MOTO,MASCULINO,21,19/12/2016
2016-0171,25/12/2016,2016,12,25,CONDUCTOR,MOTO,SD,SD,SD
2016-0172,26/12/2016,2016,12,26,CONDUCTOR,MOTO,MASCULINO,38,26/12/2016
2016-0173,26/12/2016,2016,12,26,CONDUCTOR,MOTO,MASCULINO,35,SD
2016-0174,27/12/2016,2016,12,27,SD,SD,SD,SD,SD
2016-0175,27/12/2016,2016,12,27,PEATON,PEATON,FEMENINO,SD,SD
2016-0176,28/12/2016,2016,12,28,CONDUCTOR,MOTO,MASCULINO,28,SD
2016-0177,29/12/2016,2016,12,29,PEATON,PEATON,FEMENINO,27,SD
2016-0178,30/12/2016,2016,12,30,PEATON,PEATON,FEMENINO,7,SD
2017-0001,02/01/2017,2017,1,2,CONDUCTOR,MOTO,MASCULINO,18,02/01/2017
2017-0003,05/01/2017,2017,1,5,PASAJERO_ACOMPA베NTE,CARGAS,MASCULINO,33,05/01/2017
2017-0007,11/01/2017,2017,1,11,PEATON,PEATON,MASCULINO,48,11/01/2017
2017-0008,16/01/2017,2017,1,16,CONDUCTOR,MOTO,MASCULINO,29,16/01/2017
2017-0009,16/01/2017,2017,1,16,CONDUCTOR,MOTO,MASCULINO,36,16/01/2017
2017-0010,16/01/2017,2017,1,16,CONDUCTOR,MOTO,MASCULINO,23,16/01/2017
2017-0011,22/01/2017,2017,1,22,PASAJERO_ACOMPA베NTE,MOTO,FEMENINO,29,22/01/2017
2017-0012,24/01/2017,2017,1,24,CONDUCTOR,MOTO,MASCULINO,30,24/01/2017
2017-0013,27/01/2017,2017,1,27,PEATON,PEATON,MASCULINO,4,27/01/2017
2017-0014,28/01/2017,2017,1,28,PASAJERO_ACOMPA베NTE,MOTO,FEMENINO,22,28/01/2017
2017-0015,02/02/2017,2017,2,2,PEATON,PEATON,MASCULINO,82,21/02/2017
2017-0016,03/02/2017,2017,2,3,CONDUCTOR,MOTO,MASCULINO,27,04/02/2017
2017-0017,06/02/2017,2017,2,6,CONDUCTOR,MOTO,MASCULINO,32,06/02/2017
2017-0018,09/02/2017,2017,2,9,CONDUCTOR,MOTO,MASCULINO,30,09/02/2017
2017-0021,18/02/2017,2017,2,18,CONDUCTOR,MOTO,MASCULINO,43,18/02/2017
2017-0024,23/02/2017,2017,2,23,PEATON,PEATON,MASCULINO,39,23/02/2017
2017-0025,24/02/2017,2017,2,24,CONDUCTOR,MOTO,MASCULINO,23,24/02/2017
2017-0026,26/02/2017,2017,2,26,PASAJERO_ACOMPA베NTE,AUTO,FEMENINO,23,26/02/2017
2017-0026,26/02/2017,2017,2,26,CONDUCTOR,AUTO,MASCULINO,19,26/02/2017
2017-0027,26/02/2017,2017,2,26,PEATON,PEATON,MASCULINO,SD,26/02/2017
2017-0028,28/02/2017,2017,2,28,PEATON,PEATON,MASCULINO,87,28/02/2017
2017-0029,07/03/2017,2017,3,7,SD,SD,MASCULINO,34,07/03/2017
2017-0030,07/03/2017,2017,3,7,CONDUCTOR,AUTO,FEMENINO,27,07/03/2017
2017-0031,11/03/2017,2017,3,11,PASAJERO_ACOMPA베NTE,AUTO,MASCULINO,70,11/03/2017
2017-0032,12/03/2017,2017,3,12,PASAJERO_ACOMPA베NTE,AUTO,FEMENINO,40,12/03/2017
2017-0033,12/03/2017,2017,3,12,CONDUCTOR,AUTO,MASCULINO,28,12/03/2017
2017-0034,13/03/2017,2017,3,13,PEATON,PEATON,MASCULINO,43,13/03/2017
2017-0035,23/03/2017,2017,3,23,CONDUCTOR,AUTO,MASCULINO,28,23/03/2017
2017-0035,23/03/2017,2017,3,23,PASAJERO_ACOMPA베NTE,AUTO,MASCULINO,32,23/03/2017
2017-0035,23/03/2017,2017,3,23,PASAJERO_ACOMPA베NTE,AUTO,MASCULINO,30,23/03/2017
2017-0036,29/03/2017,2017,3,29,PASAJERO_ACOMPA베NTE,MOTO,FEMENINO,SD,29/03/2017
2017-0036,29/03/2017,2017,3,29,CONDUCTOR,MOTO,MASCULINO,20,29/03/2017
2017-0037,31/03/2017,2017,3,31,CONDUCTOR,MOTO,MASCULINO,41,31/03/2017
2017-0038,01/04/2017,2017,4,1,CONDUCTOR,MOTO,FEMENINO,40,01/04/2017
2017-0040,03/04/2017,2017,4,3,CONDUCTOR,AUTO,MASCULINO,43,03/04/2017
2017-0041,03/04/2017,2017,4,3,CONDUCTOR,MOTO,MASCULINO,17,SD
2017-0042,10/04/2017,2017,4,10,CONDUCTOR,MOTO,MASCULINO,SD,10/04/2017
2017-0045,14/04/2017,2017,4,14,CONDUCTOR,MOTO,MASCULINO,21,14/04/2017
2017-0047,23/04/2017,2017,4,23,CONDUCTOR,MOTO,MASCULINO,37,23/04/2017
2017-0049,27/04/2017,2017,4,27,PEATON,PEATON,MASCULINO,22,27/04/2017
2017-0050,28/04/2017,2017,4,28,CONDUCTOR,MOTO,MASCULINO,46,28/04/2017
2017-0050,28/04/2017,2017,4,28,PASAJERO_ACOMPA베NTE,MOTO,MASCULINO,16,28/04/2017
2017-0051,01/05/2017,2017,5,1,CONDUCTOR,AUTO,MASCULINO,33,01/05/2017
2017-0052,05/05/2017,2017,5,5,PEATON,PEATON,FEMENINO,47,05/05/2017
2017-0053,05/05/2017,2017,5,5,CONDUCTOR,MOTO,MASCULINO,28,05/05/2017
2017-0054,07/05/2017,2017,5,7,PASAJERO_ACOMPA베NTE,MOTO,FEMENINO,20,07/05/2017
2017-0055,09/05/2017,2017,5,9,CONDUCTOR,AUTO,MASCULINO,32,09/05/2017
2017-0058,09/05/2017,2017,5,9,PEATON,PEATON,MASCULINO,80,09/05/2017
2017-0059,11/05/2017,2017,5,11,PEATON,PEATON,FEMENINO,39,11/05/2017
2017-0060,13/05/2017,2017,5,13,PASAJERO_ACOMPA베NTE,MOTO,MASCULINO,30,13/05/2017
2017-0061,15/05/2017,2017,5,15,PEATON,PEATON,MASCULINO,47,16/05/2017
2017-0062,15/05/2017,2017,5,15,CONDUCTOR,MOTO,MASCULINO,35,15/05/2017
2017-0063,17/05/2017,2017,5,17,PEATON,PEATON,FEMENINO,79,17/05/2017
2017-0064,20/05/2017,2017,5,20,PASAJERO_ACOMPA베NTE,CARGAS,MASCULINO,61,20/05/2017
2017-0065,22/05/2017,2017,5,22,CICLISTA,BICICLETA,MASCULINO,21,22/05/2017
2017-0066,22/05/2017,2017,5,22,PEATON,PEATON,MASCULINO,10,22/05/2017
2017-0067,23/05/2017,2017,5,23,CONDUCTOR,MOTO,MASCULINO,21,23/05/2017
2017-0068,27/05/2017,2017,5,27,CONDUCTOR,MOTO,MASCULINO,32,27/05/2017
2017-0069,29/05/2017,2017,5,29,CONDUCTOR,MOTO,MASCULINO,39,29/05/2017
2017-0070,30/05/2017,2017,5,30,PEATON,PEATON,MASCULINO,80,31/05/2017
2017-0072,03/06/2017,2017,6,3,CONDUCTOR,AUTO,MASCULINO,25,03/06/2017
2017-0073,04/06/2017,2017,6,4,CONDUCTOR,MOTO,MASCULINO,19,04/06/2017
2017-0074,04/06/2017,2017,6,4,SD,SD,MASCULINO,70,04/06/2017
2017-0075,12/06/2017,2017,6,12,PEATON,PEATON,MASCULINO,55,12/06/2017
2017-0076,13/06/2017,2017,6,13,PEATON,PEATON,FEMENINO,30,13/06/2017
2017-0077,17/06/2017,2017,6,17,CONDUCTOR,MOTO,FEMENINO,60,18/06/2017
2017-0079,19/06/2017,2017,6,19,CONDUCTOR,MOTO,MASCULINO,33,19/06/2017
2017-0080,22/06/2017,2017,6,22,PEATON,PEATON,FEMENINO,95,22/06/2017
2017-0082,25/06/2017,2017,6,25,PEATON,PEATON,MASCULINO,36,25/06/2017
2017-0083,04/07/2017,2017,7,4,CONDUCTOR,MOTO,MASCULINO,37,04/07/2017
2017-0084,05/07/2017,2017,7,5,PEATON,PEATON,FEMENINO,73,05/07/2017
2017-0085,07/07/2017,2017,7,7,PEATON,PEATON,MASCULINO,84,07/07/2017
2017-0086,09/07/2017,2017,7,9,PEATON,PEATON,FEMENINO,30,09/07/2017
2017-0087,10/07/2017,2017,7,10,PEATON,PEATON,FEMENINO,73,10/07/2017
2017-0088,10/07/2017,2017,7,10,PEATON,PEATON,MASCULINO,43,10/07/2017
2017-0089,13/07/2017,2017,7,13,SD,SD,MASCULINO,23,SD
2017-0090,15/07/2017,2017,7,15,PEATON,PEATON,MASCULINO,22,15/07/2017
2017-0091,15/07/2017,2017,7,15,CONDUCTOR,MOTO,MASCULINO,58,15/07/2017
2017-0092,24/07/2017,2017,7,24,PEATON,PEATON,MASCULINO,66,24/07/2017
2017-0093,25/07/2017,2017,7,25,PEATON,PEATON,MASCULINO,SD,25/07/2017
2017-0094,27/07/2017,2017,7,27,CICLISTA,BICICLETA,FEMENINO,56,27/07/2017
2017-0095,06/08/2017,2017,8,6,CONDUCTOR,MOTO,MASCULINO,36,06/08/2017
2017-0096,07/08/2017,2017,8,7,PEATON,PEATON,MASCULINO,87,07/08/2017
2017-0098,08/08/2017,2017,8,8,PEATON,PEATON,FEMENINO,61,08/08/2017
2017-0099,17/08/2017,2017,8,17,CICLISTA,BICICLETA,MASCULINO,28,17/08/2017
2017-0100,21/08/2017,2017,8,21,PASAJERO_ACOMPA베NTE,MOTO,FEMENINO,16,21/08/2017
2017-0101,23/08/2017,2017,8,23,PEATON,PEATON,FEMENINO,61,23/08/2017
2017-0102,24/08/2017,2017,8,24,PEATON,PEATON,MASCULINO,46,24/08/2017
2017-0104,25/08/2017,2017,8,25,PEATON,PEATON,FEMENINO,18,25/08/2017
2017-0106,31/08/2017,2017,8,31,PEATON,PEATON,FEMENINO,85,31/08/2017
2017-0107,01/09/2017,2017,9,1,CONDUCTOR,MOTO,MASCULINO,41,01/09/2017
2017-0108,02/09/2017,2017,9,2,PASAJERO_ACOMPA베NTE,AUTO,MASCULINO,17,02/09/2017
2017-0108,02/09/2017,2017,9,2,PASAJERO_ACOMPA베NTE,AUTO,MASCULINO,10,02/09/2017
2017-0109,04/09/2017,2017,9,4,CONDUCTOR,MOTO,MASCULINO,21,05/09/2017
2017-0110,06/09/2017,2017,9,6,PEATON,PEATON,MASCULINO,56,07/09/2017
2017-0111,07/09/2017,2017,9,7,PEATON,PEATON,FEMENINO,79,07/09/2017
2017-0112,10/09/2017,2017,9,10,PASAJERO_ACOMPA베NTE,AUTO,MASCULINO,1,SD
2017-0112,10/09/2017,2017,9,10,PASAJERO_ACOMPA베NTE,AUTO,MASCULINO,SD,13/09/2017
2017-0113,11/09/2017,2017,9,11,PEATON,PEATON,FEMENINO,76,11/09/2017
2017-0114,15/09/2017,2017,9,15,CONDUCTOR,AUTO,MASCULINO,26,15/09/2017
2017-0115,19/09/2017,2017,9,19,CONDUCTOR,MOTO,MASCULINO,34,SD
2017-0116,20/09/2017,2017,9,20,CONDUCTOR,MOTO,MASCULINO,22,20/09/2017
2017-0118,22/09/2017,2017,9,22,PASAJERO_ACOMPA베NTE,MOTO,FEMENINO,26,29/09/2017
2017-0120,02/10/2017,2017,10,2,CONDUCTOR,MOTO,MASCULINO,20,02/10/2017
2017-0123,10/10/2017,2017,10,10,PEATON,PEATON,FEMENINO,36,10/10/2017
2017-0124,12/10/2017,2017,10,12,CONDUCTOR,MOTO,MASCULINO,51,12/10/2017
2017-0125,13/10/2017,2017,10,13,CONDUCTOR,MOTO,MASCULINO,29,13/10/2017
2017-0126,14/10/2017,2017,10,14,PASAJERO_ACOMPA베NTE,AUTO,MASCULINO,39,SD
2017-0126,14/10/2017,2017,10,14,CONDUCTOR,AUTO,MASCULINO,36,14/10/2017
2017-0127,16/10/2017,2017,10,16,PASAJERO_ACOMPA베NTE,MOTO,MASCULINO,24,16/10/2017
2017-0128,17/10/2017,2017,10,17,PEATON,PEATON,FEMENINO,60,17/10/2017
2017-0129,26/10/2017,2017,10,26,CONDUCTOR,MOTO,MASCULINO,57,26/10/2017
2017-0130,27/10/2017,2017,10,27,CONDUCTOR,AUTO,MASCULINO,23,27/10/2017
2017-0132,30/10/2017,2017,10,30,CONDUCTOR,MOTO,MASCULINO,23,30/10/2017
2017-0134,06/11/2017,2017,11,6,PEATON,PEATON,FEMENINO,47,06/11/2017
2017-0135,07/11/2017,2017,11,7,CONDUCTOR,MOTO,MASCULINO,24,07/11/2017
2017-0136,16/11/2017,2017,11,16,PEATON,PEATON,MASCULINO,55,16/11/2017
2017-0137,17/11/2017,2017,11,17,PEATON,PEATON,FEMENINO,60,17/11/2017
2017-0138,19/11/2017,2017,11,19,PASAJERO_ACOMPA베NTE,MOTO,MASCULINO,25,19/11/2017
2017-0139,19/11/2017,2017,11,19,PASAJERO_ACOMPA베NTE,AUTO,FEMENINO,15,19/11/2017
2017-0140,19/11/2017,2017,11,19,CONDUCTOR,MOTO,MASCULINO,24,19/11/2017
2017-0141,23/11/2017,2017,11,23,PEATON,PEATON,FEMENINO,22,23/11/2017
2017-0143,25/11/2017,2017,11,25,CONDUCTOR,AUTO,MASCULINO,50,25/11/2017
2017-0144,26/11/2017,2017,11,26,PASAJERO_ACOMPA베NTE,AUTO,FEMENINO,50,26/11/2017
2017-0145,26/11/2017,2017,11,26,CONDUCTOR,MOTO,MASCULINO,58,26/11/2017
2017-0147,28/11/2017,2017,11,28,CONDUCTOR,MOTO,MASCULINO,49,28/11/2017
2017-0148,29/11/2017,2017,11,29,PEATON,PEATON,FEMENINO,82,29/11/2017
2017-0149,30/11/2017,2017,11,30,PEATON,PEATON,MASCULINO,13,30/11/2017
2017-0150,04/12/2017,2017,12,4,PEATON,PEATON,MASCULINO,56,04/12/2017
2017-0151,04/12/2017,2017,12,4,PEATON,PEATON,MASCULINO,SD,04/12/2017
2017-0152,06/12/2017,2017,12,6,CICLISTA,BICICLETA,MASCULINO,19,06/12/2017
2017-0153,11/12/2017,2017,12,11,PASAJERO_ACOMPA베NTE,MOTO,MASCULINO,SD,12/12/2017
2017-0153,11/12/2017,2017,12,11,CONDUCTOR,MOTO,MASCULINO,30,12/12/2017
2017-0154,11/12/2017,2017,12,11,PEATON,PEATON,MASCULINO,76,11/12/2017
2017-0155,12/12/2017,2017,12,12,SD,SD,MASCULINO,77,SD
2017-0157,17/12/2017,2017,12,17,CONDUCTOR,AUTO,MASCULINO,53,17/12/2017
2017-0158,18/12/2017,2017,12,18,CONDUCTOR,MOTO,MASCULINO,32,18/12/2017
2017-0159,20/12/2017,2017,12,20,CONDUCTOR,MOTO,MASCULINO,27,20/12/2017
2017-0160,22/12/2017,2017,12,22,PEATON,PEATON,FEMENINO,30,22/12/2017
2017-0161,26/12/2017,2017,12,26,PEATON,PEATON,FEMENINO,30,26/12/2017
2018-0001,01/01/2018,2018,1,1,PEATON,PEATON,MASCULINO,83,02/01/2018
2018-0002,03/01/2018,2018,1,3,CICLISTA,BICICLETA,FEMENINO,26,03/01/2018
2018-0003,05/01/2018,2018,1,5,PEATON,PEATON,FEMENINO,58,05/01/2018
2018-0004,09/01/2018,2018,1,9,CONDUCTOR,MOTO,MASCULINO,39,09/01/2018
2018-0005,09/01/2018,2018,1,9,PEATON,PEATON,MASCULINO,54,09/01/2018
2018-0006,10/01/2018,2018,1,10,CICLISTA,BICICLETA,FEMENINO,45,10/01/2018
2018-0007,11/01/2018,2018,1,11,CONDUCTOR,AUTO,MASCULINO,46,11/01/2018
2018-0008,12/01/2018,2018,1,12,CONDUCTOR,MOTO,FEMENINO,32,12/01/2018
2018-0009,14/01/2018,2018,1,14,CONDUCTOR,MOTO,MASCULINO,19,14/01/2018
2018-0010,18/01/2018,2018,1,18,CONDUCTOR,MOTO,MASCULINO,40,18/01/2018
2018-0011,19/01/2018,2018,1,19,PEATON,PEATON,MASCULINO,84,19/01/2018
2018-0012,26/01/2018,2018,1,26,CONDUCTOR,MOTO,MASCULINO,20,26/01/2018
2018-0013,28/01/2018,2018,1,28,CONDUCTOR,MOTO,MASCULINO,44,28/01/2018
2018-0014,31/01/2018,2018,1,31,PEATON,PEATON,MASCULINO,SD,04/02/2018
2018-0015,06/02/2018,2018,2,6,CONDUCTOR,MOTO,MASCULINO,28,06/02/2018
2018-0015,06/02/2018,2018,2,6,PASAJERO_ACOMPA베NTE,MOTO,MASCULINO,19,06/02/2018
2018-0016,15/02/2018,2018,2,15,CONDUCTOR,MOTO,MASCULINO,31,15/02/2018
2018-0017,17/02/2018,2018,2,17,PEATON,PEATON,MASCULINO,35,20/02/2018
2018-0018,17/02/2018,2018,2,17,CONDUCTOR,MOTO,MASCULINO,26,17/02/2018
2018-0019,17/02/2018,2018,2,17,PEATON,PEATON,FEMENINO,80,17/02/2018
2018-0020,19/02/2018,2018,2,19,CONDUCTOR,MOTO,MASCULINO,26,19/02/2018
2018-0021,22/02/2018,2018,2,22,PEATON,PEATON,FEMENINO,62,22/02/2018
2018-0022,24/02/2018,2018,2,24,CONDUCTOR,MOTO,MASCULINO,28,24/02/2018
2018-0023,24/02/2018,2018,2,24,CONDUCTOR,MOTO,MASCULINO,28,24/02/2018
2018-0024,28/02/2018,2018,2,28,PEATON,PEATON,MASCULINO,70,28/02/2018
2018-0025,04/03/2018,2018,3,4,PEATON,PEATON,MASCULINO,70,05/03/2018
2018-0026,09/03/2018,2018,3,9,CONDUCTOR,MOVIL,MASCULINO,24,09/03/2018
2018-0026,09/03/2018,2018,3,9,PASAJERO_ACOMPA베NTE,MOVIL,MASCULINO,30,09/03/2018
2018-0027,11/03/2018,2018,3,11,PEATON,PEATON,FEMENINO,74,11/03/2018
2018-0028,13/03/2018,2018,3,13,PEATON,PEATON,MASCULINO,71,13/03/2018
2018-0029,15/03/2018,2018,3,15,CONDUCTOR,MOTO,MASCULINO,26,15/03/2018
2018-0030,20/03/2018,2018,3,20,CONDUCTOR,MOTO,MASCULINO,24,20/03/2018
2018-0031,28/03/2018,2018,3,28,CONDUCTOR,MOTO,MASCULINO,31,28/03/2018
2018-0032,02/04/2018,2018,4,2,PEATON,PEATON,MASCULINO,70,02/04/2018
2018-0033,07/04/2018,2018,4,7,CONDUCTOR,MOTO,FEMENINO,42,10/04/2018
2018-0034,11/04/2018,2018,4,11,PEATON,PEATON,MASCULINO,24,11/04/2018
2018-0035,12/04/2018,2018,4,12,PEATON,PEATON,FEMENINO,39,12/04/2018
2018-0036,13/04/2018,2018,4,13,CONDUCTOR,MOTO,MASCULINO,37,15/04/2018
2018-0037,18/04/2018,2018,4,18,PEATON,PEATON,MASCULINO,84,19/04/2018
2018-0038,20/04/2018,2018,4,20,PEATON,PEATON,FEMENINO,59,20/04/2018
2018-0038,20/04/2018,2018,4,20,PEATON,PEATON,MASCULINO,61,20/04/2018
2018-0039,21/04/2018,2018,4,21,PEATON,PEATON,MASCULINO,37,21/04/2018
2018-0040,27/04/2018,2018,4,27,PEATON,PEATON,FEMENINO,SD,27/04/2018
2018-0041,27/04/2018,2018,4,27,PEATON,PEATON,FEMENINO,78,27/04/2018
2018-0042,27/04/2018,2018,4,27,PASAJERO_ACOMPA베NTE,MOTO,MASCULINO,23,27/04/2018
2018-0043,28/04/2018,2018,4,28,CONDUCTOR,MOTO,MASCULINO,25,29/04/2018
2018-0044,28/04/2018,2018,4,28,PEATON,PEATON,FEMENINO,50,28/04/2018
2018-0045,30/04/2018,2018,4,30,CONDUCTOR,AUTO,MASCULINO,60,30/04/2018
2018-0046,02/05/2018,2018,5,2,PEATON,PEATON,MASCULINO,11,02/05/2018
2018-0047,08/05/2018,2018,5,8,PEATON,PEATON,MASCULINO,82,09/05/2018
2018-0048,09/05/2018,2018,5,9,PEATON,PEATON,MASCULINO,57,16/05/2018
2018-0049,11/05/2018,2018,5,11,PEATON,PEATON,FEMENINO,40,13/05/2018
2018-0050,14/05/2018,2018,5,14,PEATON,PEATON,FEMENINO,47,24/05/2018
2018-0051,15/05/2018,2018,5,15,PEATON,PEATON,FEMENINO,57,15/05/2018
2018-0052,18/05/2018,2018,5,18,PEATON,PEATON,MASCULINO,78,19/05/2018
2018-0053,20/05/2018,2018,5,20,CONDUCTOR,MOTO,MASCULINO,43,20/05/2018
2018-0054,22/05/2018,2018,5,22,PEATON,PEATON,FEMENINO,86,25/05/2018
2018-0055,29/05/2018,2018,5,29,CONDUCTOR,MOTO,MASCULINO,21,29/05/2018
2018-0056,02/06/2018,2018,6,2,PEATON,PEATON,FEMENINO,69,04/06/2018
2018-0057,03/06/2018,2018,6,3,CONDUCTOR,MOTO,MASCULINO,33,04/06/2018
2018-0058,03/06/2018,2018,6,3,CONDUCTOR,MOTO,MASCULINO,26,13/06/2018
2018-0059,08/06/2018,2018,6,8,CONDUCTOR,MOTO,MASCULINO,54,08/06/2018
2018-0060,08/06/2018,2018,6,8,PEATON,PEATON,MASCULINO,51,08/06/2018
2018-0061,10/06/2018,2018,6,10,CONDUCTOR,MOTO,MASCULINO,51,10/06/2018
2018-0062,14/06/2018,2018,6,14,PEATON,PEATON,MASCULINO,32,14/06/2018
2018-0063,16/06/2018,2018,6,16,PEATON,PEATON,FEMENINO,28,17/06/2018
2018-0064,25/06/2018,2018,6,25,CONDUCTOR,AUTO,MASCULINO,30,25/06/2018
2018-0065,26/06/2018,2018,6,26,CONDUCTOR,MOTO,MASCULINO,35,26/06/2018
2018-0066,28/06/2018,2018,6,28,PEATON,PEATON,MASCULINO,73,28/06/2018
2018-0067,29/06/2018,2018,6,29,PASAJERO_ACOMPA베NTE,PASAJEROS,FEMENINO,81,06/07/2018
2018-0068,01/07/2018,2018,7,1,CONDUCTOR,MOTO,MASCULINO,21,01/07/2018
2018-0069,04/07/2018,2018,7,4,CICLISTA,BICICLETA,MASCULINO,20,04/07/2018
2018-0070,07/07/2018,2018,7,7,CONDUCTOR,MOTO,MASCULINO,33,07/07/2018
2018-0071,10/07/2018,2018,7,10,CONDUCTOR,MOTO,MASCULINO,SD,10/07/2018
2018-0072,11/07/2018,2018,7,11,CONDUCTOR,MOTO,MASCULINO,27,13/07/2018
2018-0073,11/07/2018,2018,7,11,PEATON,PEATON,FEMENINO,67,11/07/2018
2018-0074,14/07/2018,2018,7,14,CONDUCTOR,AUTO,MASCULINO,25,14/07/2018
2018-0075,15/07/2018,2018,7,15,PEATON,PEATON,MASCULINO,23,15/07/2018
2018-0076,16/07/2018,2018,7,16,CONDUCTOR,AUTO,MASCULINO,73,16/07/2018
2018-0077,16/07/2018,2018,7,16,CONDUCTOR,AUTO,MASCULINO,58,17/07/2018
2018-0078,21/07/2018,2018,7,21,PEATON,PEATON,MASCULINO,27,21/07/2018
2018-0079,23/07/2018,2018,7,23,PEATON,PEATON,MASCULINO,SD,23/07/2018
2018-0080,25/07/2018,2018,7,25,PEATON,PEATON,MASCULINO,26,25/07/2018
2018-0081,29/07/2018,2018,7,29,PEATON,PEATON,MASCULINO,35,29/07/2018
2018-0082,01/08/2018,2018,8,1,CONDUCTOR,MOTO,FEMENINO,17,01/08/2018
2018-0083,02/08/2018,2018,8,2,CONDUCTOR,MOTO,MASCULINO,SD,02/08/2018
2018-0084,03/08/2018,2018,8,3,PEATON,PEATON,MASCULINO,45,03/08/2018
2018-0085,03/08/2018,2018,8,3,PASAJERO_ACOMPA베NTE,MOTO,FEMENINO,22,03/08/2018
2018-0085,03/08/2018,2018,8,3,CONDUCTOR,MOTO,MASCULINO,30,03/08/2018
2018-0086,10/08/2018,2018,8,10,PEATON,PEATON,MASCULINO,40,10/08/2018
2018-0087,15/08/2018,2018,8,15,PEATON,PEATON,MASCULINO,75,20/08/2018
2018-0088,17/08/2018,2018,8,17,CONDUCTOR,MOTO,MASCULINO,SD,17/08/2018
2018-0089,17/08/2018,2018,8,17,PEATON,PEATON,MASCULINO,80,17/08/2018
2018-0090,18/08/2018,2018,8,18,CONDUCTOR,MOTO,MASCULINO,27,18/08/2018
2018-0091,19/08/2018,2018,8,19,PASAJERO_ACOMPA베NTE,AUTO,FEMENINO,23,19/08/2018
2018-0092,20/08/2018,2018,8,20,CONDUCTOR,MOTO,MASCULINO,23,20/08/2018
2018-0093,20/08/2018,2018,8,20,PEATON,PEATON,MASCULINO,24,20/08/2018
2018-0094,23/08/2018,2018,8,23,CONDUCTOR,MOTO,MASCULINO,32,23/08/2018
2018-0095,26/08/2018,2018,8,26,PASAJERO_ACOMPA베NTE,AUTO,FEMENINO,49,26/08/2018
2018-0096,31/08/2018,2018,8,31,PEATON,PEATON,MASCULINO,39,31/08/2018
2018-0097,02/09/2018,2018,9,2,CONDUCTOR,AUTO,FEMENINO,35,02/09/2018
2018-0098,09/09/2018,2018,9,9,CONDUCTOR,AUTO,MASCULINO,55,09/09/2018
2018-0098,09/09/2018,2018,9,9,PASAJERO_ACOMPA베NTE,AUTO,MASCULINO,54,09/09/2018
2018-0099,12/09/2018,2018,9,12,PEATON,PEATON,MASCULINO,18,13/09/2018
2018-0100,20/09/2018,2018,9,20,SD,MOTO,FEMENINO,33,20/09/2018
2018-0101,21/09/2018,2018,9,21,CONDUCTOR,AUTO,MASCULINO,SD,21/09/2018
2018-0102,21/09/2018,2018,9,21,CONDUCTOR,MOTO,MASCULINO,20,21/09/2018
2018-0103,27/09/2018,2018,9,27,PEATON,PEATON,MASCULINO,1,29/09/2018
2018-0104,01/10/2018,2018,10,1,CONDUCTOR,MOTO,MASCULINO,22,01/10/2018
2018-0105,03/10/2018,2018,10,3,PEATON,PEATON,FEMENINO,56,03/10/2018
2018-0106,04/10/2018,2018,10,4,CONDUCTOR,MOTO,MASCULINO,27,04/10/2018
2018-0107,06/10/2018,2018,10,6,PEATON,PEATON,FEMENINO,62,06/10/2018
2018-0108,09/10/2018,2018,10,9,CONDUCTOR,MOTO,MASCULINO,37,10/10/2018
2018-0109,10/10/2018,2018,10,10,PEATON,PEATON,MASCULINO,34,10/10/2018
2018-0110,13/10/2018,2018,10,13,PEATON,PEATON,MASCULINO,60,14/10/2018
2018-0111,19/10/2018,2018,10,19,CONDUCTOR,MOTO,MASCULINO,28,19/10/2018
2018-0112,24/10/2018,2018,10,24,CONDUCTOR,MOTO,FEMENINO,28,24/10/2018
2018-0113,25/10/2018,2018,10,25,CONDUCTOR,MOTO,MASCULINO,20,25/10/2018
2018-0114,30/10/2018,2018,10,30,CONDUCTOR,MOTO,MASCULINO,23,30/10/2018
2018-0115,31/10/2018,2018,10,31,PEATON,PEATON,MASCULINO,42,01/11/2018
2018-0116,01/11/2018,2018,11,1,PEATON,PEATON,MASCULINO,48,08/11/2018
2018-0117,04/11/2018,2018,11,4,CONDUCTOR,MOTO,MASCULINO,30,08/11/2018
2018-0118,05/11/2018,2018,11,5,PEATON,PEATON,FEMENINO,80,05/11/2018
2018-0119,05/11/2018,2018,11,5,PEATON,PEATON,FEMENINO,32,06/11/2018
2018-0120,09/11/2018,2018,11,9,PEATON,PEATON,FEMENINO,51,20/11/2018
2018-0121,09/11/2018,2018,11,9,PEATON,PEATON,FEMENINO,72,09/11/2018
2018-0122,12/11/2018,2018,11,12,CONDUCTOR,AUTO,MASCULINO,33,12/11/2018
2018-0123,12/11/2018,2018,11,12,CONDUCTOR,AUTO,MASCULINO,25,12/11/2018
2018-0124,15/11/2018,2018,11,15,CONDUCTOR,CARGAS,MASCULINO,44,15/11/2018
2018-0125,16/11/2018,2018,11,16,PEATON,PEATON,MASCULINO,29,17/11/2018
2018-0126,18/11/2018,2018,11,18,CONDUCTOR,MOTO,MASCULINO,27,23/11/2018
2018-0127,19/11/2018,2018,11,19,CONDUCTOR,MOTO,MASCULINO,29,19/11/2018
2018-0128,25/11/2018,2018,11,25,PASAJERO_ACOMPA베NTE,AUTO,MASCULINO,49,25/11/2018
2018-0128,25/11/2018,2018,11,25,PASAJERO_ACOMPA베NTE,AUTO,FEMENINO,39,25/11/2018
2018-0129,28/11/2018,2018,11,28,CONDUCTOR,MOTO,MASCULINO,37,30/11/2018
2018-0130,03/12/2018,2018,12,3,CONDUCTOR,MOTO,MASCULINO,SD,03/12/2018
2018-0131,07/12/2018,2018,12,7,CONDUCTOR,MOTO,MASCULINO,29,07/12/2018
2018-0132,12/12/2018,2018,12,12,PEATON,PEATON,MASCULINO,70,12/12/2018
2018-0133,12/12/2018,2018,12,12,PEATON,PEATON,FEMENINO,60,12/12/2018
2018-0134,12/12/2018,2018,12,12,PEATON,PEATON,MASCULINO,56,13/12/2018
2018-0135,18/12/2018,2018,12,18,PEATON,PEATON,MASCULINO,80,22/12/2018
2018-0136,18/12/2018,2018,12,18,PEATON,PEATON,FEMENINO,70,18/12/2018
2018-0137,18/12/2018,2018,12,18,PASAJERO_ACOMPA베NTE,MOTO,MASCULINO,29,19/12/2018
2018-0138,21/12/2018,2018,12,21,PASAJERO_ACOMPA베NTE,PASAJEROS,FEMENINO,79,21/12/2018
2018-0139,22/12/2018,2018,12,22,PASAJERO_ACOMPA베NTE,MOTO,MASCULINO,28,24/12/2018
2018-0140,22/12/2018,2018,12,22,CONDUCTOR,AUTO,MASCULINO,78,22/12/2018
2018-0141,22/12/2018,2018,12,22,PEATON,PEATON,MASCULINO,75,24/12/2018
2018-0142,25/12/2018,2018,12,25,PASAJERO_ACOMPA베NTE,CARGAS,MASCULINO,32,01/01/2019
2018-0143,29/12/2018,2018,12,29,CONDUCTOR,MOTO,MASCULINO,22,29/12/2018
2019-0001,08/01/2019,2019,1,8,CONDUCTOR,MOTO,MASCULINO,25,08/01/2019
2019-0002,09/01/2019,2019,1,9,CONDUCTOR,AUTO,MASCULINO,32,09/01/2019
2019-0003,12/01/2019,2019,1,12,CONDUCTOR,MOTO,MASCULINO,23,12/01/2019
2019-0004,14/01/2019,2019,1,14,CONDUCTOR,AUTO,MASCULINO,71,14/01/2019
2019-0005,19/01/2019,2019,1,19,CONDUCTOR,MOTO,MASCULINO,43,19/01/2019
2019-0006,23/01/2019,2019,1,23,PEATON,PEATON,FEMENINO,12,23/01/2019
2019-0007,26/01/2019,2019,1,26,CONDUCTOR,MOTO,MASCULINO,35,26/01/2019
2019-0008,30/01/2019,2019,1,30,CONDUCTOR,MOTO,MASCULINO,42,31/01/2019
2019-0009,31/01/2019,2019,1,31,CONDUCTOR,MOTO,MASCULINO,34,31/01/2019
2019-0010,02/02/2019,2019,2,2,PEATON,PEATON,MASCULINO,SD,02/02/2019
2019-0010,02/02/2019,2019,2,2,PEATON,PEATON,MASCULINO,59,02/02/2019
2019-0011,10/02/2019,2019,2,10,PEATON,PEATON,MASCULINO,SD,10/02/2019
2019-0012,17/02/2019,2019,2,17,CONDUCTOR,MOTO,MASCULINO,31,20/02/2019
2019-0013,20/02/2019,2019,2,20,PEATON,PEATON,MASCULINO,39,02/03/2019
2019-0014,20/02/2019,2019,2,20,CONDUCTOR,MOTO,MASCULINO,69,20/02/2019
2019-0015,23/02/2019,2019,2,23,CONDUCTOR,AUTO,MASCULINO,21,23/02/2019
2019-0016,24/02/2019,2019,2,24,CONDUCTOR,MOTO,MASCULINO,40,24/02/2019
2019-0017,03/03/2019,2019,3,3,CONDUCTOR,AUTO,MASCULINO,22,07/03/2019
2019-0018,03/03/2019,2019,3,3,PEATON,PEATON,FEMENINO,29,03/03/2019
2019-0019,06/03/2019,2019,3,6,CONDUCTOR,MOTO,MASCULINO,SD,26/03/2019
2019-0020,07/03/2019,2019,3,7,CONDUCTOR,MOTO,MASCULINO,43,07/03/2019
2019-0021,15/03/2019,2019,3,15,CONDUCTOR,MOTO,MASCULINO,23,16/03/2019
2019-0022,15/03/2019,2019,3,15,PASAJERO_ACOMPA베NTE,AUTO,MASCULINO,SD,15/03/2019
2019-0023,16/03/2019,2019,3,16,CONDUCTOR,AUTO,MASCULINO,34,16/03/2019
2019-0024,19/03/2019,2019,3,19,CONDUCTOR,MOTO,MASCULINO,32,19/03/2019
2019-0025,22/03/2019,2019,3,22,PEATON,PEATON,MASCULINO,27,04/04/2019
2019-0026,28/03/2019,2019,3,28,PEATON,PEATON,MASCULINO,SD,28/03/2019
2019-0027,28/03/2019,2019,3,28,CICLISTA,BICICLETA,MASCULINO,37,28/03/2019
2019-0028,06/04/2019,2019,4,6,PEATON,PEATON,FEMENINO,SD,06/04/2019
2019-0029,07/04/2019,2019,4,7,CONDUCTOR,MOTO,MASCULINO,27,07/04/2019
2019-0030,09/04/2019,2019,4,9,CONDUCTOR,MOTO,MASCULINO,25,09/04/2019
2019-0031,12/04/2019,2019,4,12,CICLISTA,BICICLETA,MASCULINO,20,12/04/2019
2019-0032,16/04/2019,2019,4,16,PEATON,PEATON,FEMENINO,83,18/04/2019
2019-0033,18/04/2019,2019,4,18,CONDUCTOR,MOTO,MASCULINO,25,18/04/2019
2019-0034,21/04/2019,2019,4,21,CONDUCTOR,MOTO,MASCULINO,SD,21/04/2019
2019-0035,23/04/2019,2019,4,23,PEATON,PEATON,FEMENINO,75,23/04/2019
2019-0036,26/04/2019,2019,4,26,CONDUCTOR,MOTO,MASCULINO,34,02/05/2019
2019-0037,01/05/2019,2019,5,1,CONDUCTOR,MOTO,MASCULINO,17,01/05/2019
2019-0038,04/05/2019,2019,5,4,PEATON,PEATON,FEMENINO,42,05/05/2019
2019-0105,05/05/2019,2019,5,5,PEATON,PEATON,FEMENINO,82,08/05/2019
2019-0039,09/05/2019,2019,5,9,CONDUCTOR,MOTO,MASCULINO,28,09/05/2019
2019-0040,09/05/2019,2019,5,9,CONDUCTOR,MOTO,MASCULINO,44,15/05/2019
2019-0041,11/05/2019,2019,5,11,PASAJERO_ACOMPA베NTE,AUTO,FEMENINO,78,11/05/2019
2019-0042,14/05/2019,2019,5,14,PEATON,PEATON,MASCULINO,39,14/05/2019
2019-0043,21/05/2019,2019,5,21,CICLISTA,BICICLETA,FEMENINO,SD,21/05/2019
2019-0044,27/05/2019,2019,5,27,PEATON,PEATON,FEMENINO,77,29/05/2019
2019-0045,03/06/2019,2019,6,3,CONDUCTOR,MOTO,MASCULINO,33,03/06/2019
2019-0046,04/06/2019,2019,6,4,PASAJERO_ACOMPA베NTE,MOTO,FEMENINO,26,04/06/2019
2019-0047,06/06/2019,2019,6,6,PEATON,PEATON,MASCULINO,76,06/06/2019
2019-0048,07/06/2019,2019,6,7,CONDUCTOR,MOTO,MASCULINO,32,07/06/2019
2019-0049,08/06/2019,2019,6,8,PEATON,PEATON,FEMENINO,72,09/06/2019
2019-0050,08/06/2019,2019,6,8,CONDUCTOR,MOTO,MASCULINO,21,09/06/2019
2019-0051,11/06/2019,2019,6,11,CONDUCTOR,MOTO,MASCULINO,41,11/06/2019
2019-0053,14/06/2019,2019,6,14,PASAJERO_ACOMPA베NTE,AUTO,MASCULINO,49,14/06/2019
2019-0054,20/06/2019,2019,6,20,CONDUCTOR,MOTO,MASCULINO,21,20/06/2019
2019-0055,20/06/2019,2019,6,20,CONDUCTOR,MOTO,MASCULINO,47,21/06/2019
2019-0056,29/06/2019,2019,6,29,PEATON,PEATON,FEMENINO,75,29/06/2019
2019-0057,05/07/2019,2019,7,5,PEATON,PEATON,FEMENINO,63,08/07/2019
2019-0058,10/07/2019,2019,7,10,CONDUCTOR,MOTO,MASCULINO,39,10/07/2019
2019-0059,13/07/2019,2019,7,13,CONDUCTOR,MOTO,MASCULINO,30,13/07/2019
2019-0060,17/07/2019,2019,7,17,PEATON,PEATON,FEMENINO,78,17/07/2019
2019-0061,17/07/2019,2019,7,17,PEATON,PEATON,FEMENINO,58,17/07/2019
2019-0062,01/08/2019,2019,8,1,PEATON,PEATON,FEMENINO,60,02/08/2019
2019-0063,04/08/2019,2019,8,4,PASAJERO_ACOMPA베NTE,MOTO,MASCULINO,SD,04/08/2019
2019-0064,06/08/2019,2019,8,6,CONDUCTOR,MOTO,MASCULINO,20,06/08/2019
2019-0065,08/08/2019,2019,8,8,PEATON,PEATON,FEMENINO,55,09/08/2019
2019-0066,11/08/2019,2019,8,11,PEATON,PEATON,MASCULINO,40,11/08/2019
2019-0067,14/08/2019,2019,8,14,CONDUCTOR,MOTO,MASCULINO,35,14/08/2019
2019-0068,14/08/2019,2019,8,14,CONDUCTOR,MOTO,MASCULINO,53,14/08/2019
2019-0069,17/08/2019,2019,8,17,CONDUCTOR,MOTO,MASCULINO,43,17/08/2019
2019-0070,22/08/2019,2019,8,22,CONDUCTOR,MOTO,MASCULINO,25,22/08/2019
2019-0071,27/08/2019,2019,8,27,PEATON,PEATON,MASCULINO,SD,27/08/2019
2019-0072,28/08/2019,2019,8,28,CONDUCTOR,AUTO,MASCULINO,22,02/09/2019
2019-0073,29/08/2019,2019,8,29,CONDUCTOR,AUTO,MASCULINO,29,06/09/2019
2019-0074,29/08/2019,2019,8,29,CONDUCTOR,MOTO,MASCULINO,35,29/08/2019
2019-0075,30/08/2019,2019,8,30,CONDUCTOR,MOTO,MASCULINO,31,30/08/2019
2019-0076,05/09/2019,2019,9,5,CONDUCTOR,MOTO,FEMENINO,29,05/09/2019
2019-0077,08/09/2019,2019,9,8,PEATON,PEATON,FEMENINO,28,08/09/2019
2019-0078,12/09/2019,2019,9,12,PEATON,PEATON,FEMENINO,72,15/09/2019
2019-0079,17/09/2019,2019,9,17,CONDUCTOR,MOTO,MASCULINO,57,17/09/2019
2019-0080,17/09/2019,2019,9,17,PEATON,PEATON,MASCULINO,76,17/09/2019
2019-0081,23/09/2019,2019,9,23,PEATON,PEATON,MASCULINO,67,07/10/2019
2019-0082,25/09/2019,2019,9,25,CICLISTA,BICICLETA,MASCULINO,47,25/09/2019
2019-0083,26/09/2019,2019,9,26,CONDUCTOR,AUTO,MASCULINO,73,26/09/2019
2019-0084,27/09/2019,2019,9,27,CICLISTA,BICICLETA,FEMENINO,40,27/09/2019
2019-0085,09/10/2019,2019,10,9,CICLISTA,BICICLETA,MASCULINO,20,09/10/2019
2019-0086,15/10/2019,2019,10,15,CONDUCTOR,MOTO,MASCULINO,29,15/10/2019
2019-0087,21/10/2019,2019,10,21,CONDUCTOR,MOTO,MASCULINO,41,21/10/2019
2019-0088,22/10/2019,2019,10,22,PEATON,PEATON,MASCULINO,27,22/10/2019
2019-0089,23/10/2019,2019,10,23,PEATON,PEATON,FEMENINO,92,23/10/2019
2019-0090,24/10/2019,2019,10,24,PEATON,PEATON,MASCULINO,67,26/10/2019
2019-0091,01/11/2019,2019,11,1,PEATON,PEATON,MASCULINO,35,01/11/2019
2019-0092,03/11/2019,2019,11,3,PEATON,PEATON,MASCULINO,37,03/11/2019
2019-0093,13/11/2019,2019,11,13,CICLISTA,BICICLETA,MASCULINO,16,13/11/2019
2019-0094,18/11/2019,2019,11,18,PASAJERO_ACOMPA베NTE,MOTO,FEMENINO,SD,18/11/2019
2019-0095,20/11/2019,2019,11,20,CONDUCTOR,MOTO,MASCULINO,SD,20/11/2019
2019-0096,22/11/2019,2019,11,22,PEATON,PEATON,MASCULINO,73,22/11/2019
2019-0097,25/11/2019,2019,11,25,PASAJERO_ACOMPA베NTE,MOTO,FEMENINO,23,25/11/2019
2019-0098,25/11/2019,2019,11,25,PASAJERO_ACOMPA베NTE,PASAJEROS,FEMENINO,61,29/11/2019
2019-0100,05/12/2019,2019,12,5,CONDUCTOR,MOTO,MASCULINO,38,18/12/2019
2019-0101,17/12/2019,2019,12,17,CONDUCTOR,MOTO,MASCULINO,25,17/12/2019
2019-0102,17/12/2019,2019,12,17,CONDUCTOR,MOTO,MASCULINO,18,18/12/2019
2019-0103,18/12/2019,2019,12,18,CONDUCTOR,MOTO,MASCULINO,24,18/12/2019
2019-0104,21/12/2019,2019,12,21,PASAJERO_ACOMPA베NTE,MOTO,FEMENINO,23,22/12/2019
2020-0001,04/01/2020,2020,1,4,PEATON,PEATON,FEMENINO,87,04/01/2020
2020-0002,05/01/2020,2020,1,5,CONDUCTOR,MOTO,MASCULINO,36,07/01/2020
2020-0003,11/01/2020,2020,1,11,PEATON,PEATON,MASCULINO,44,11/01/2020
2020-0004,14/01/2020,2020,1,14,PEATON,PEATON,MASCULINO,82,15/01/2020
2020-0005,14/01/2020,2020,1,14,CONDUCTOR,MOTO,MASCULINO,25,10/02/2020
2020-0006,20/01/2020,2020,1,20,CONDUCTOR,MOTO,MASCULINO,23,20/01/2020
2020-0007,27/01/2020,2020,1,27,PEATON,PEATON,MASCULINO,52,27/01/2020
2020-0008,30/01/2020,2020,1,30,CONDUCTOR,MOTO,MASCULINO,49,30/01/2020
2020-0009,04/02/2020,2020,2,4,PEATON,PEATON,MASCULINO,48,05/02/2020
2020-0010,08/02/2020,2020,2,8,CONDUCTOR,MOTO,MASCULINO,SD,08/02/2020
2020-0011,12/02/2020,2020,2,12,CONDUCTOR,MOTO,MASCULINO,31,12/02/2020
2020-0012,18/02/2020,2020,2,18,PEATON,PEATON,FEMENINO,66,18/02/2020
2020-0013,20/02/2020,2020,2,20,PEATON,PEATON,FEMENINO,58,03/03/2020
2020-0014,27/02/2020,2020,2,27,CONDUCTOR,MOTO,MASCULINO,SD,27/02/2020
2020-0015,28/02/2020,2020,2,28,CONDUCTOR,MOTO,MASCULINO,29,28/02/2020
2020-0016,29/02/2020,2020,2,29,PEATON,PEATON,MASCULINO,68,09/03/2020
2020-0017,05/03/2020,2020,3,5,PEATON,PEATON,MASCULINO,SD,05/03/2020
2020-0018,09/03/2020,2020,3,9,CONDUCTOR,MOTO,MASCULINO,31,09/03/2020
2020-0019,10/03/2020,2020,3,10,PEATON,PEATON,FEMENINO,80,10/03/2020
2020-0020,13/03/2020,2020,3,13,PEATON,PEATON,FEMENINO,74,17/03/2020
2020-0021,14/03/2020,2020,3,14,PEATON,PEATON,FEMENINO,87,14/03/2020
2020-0022,07/04/2020,2020,4,7,PASAJERO_ACOMPA베NTE,AUTO,MASCULINO,44,07/04/2020
2020-0023,09/04/2020,2020,4,9,CONDUCTOR,AUTO,MASCULINO,44,03/05/2020
2020-0024,24/04/2020,2020,4,24,CONDUCTOR,AUTO,MASCULINO,53,24/04/2020
2020-0025,12/05/2020,2020,5,12,PEATON,PEATON,MASCULINO,SD,12/05/2020
2020-0026,17/05/2020,2020,5,17,CONDUCTOR,MOTO,MASCULINO,28,17/05/2020
2020-0027,18/05/2020,2020,5,18,PEATON,PEATON,MASCULINO,76,18/05/2020
2020-0028,19/05/2020,2020,5,19,PEATON,PEATON,MASCULINO,91,23/05/2020
2020-0029,10/06/2020,2020,6,10,PEATON,PEATON,MASCULINO,80,12/06/2020
2020-0030,16/06/2020,2020,6,16,CONDUCTOR,MOTO,MASCULINO,40,16/06/2020
2020-0031,30/06/2020,2020,6,30,CONDUCTOR,MOTO,MASCULINO,29,30/06/2020
2020-0032,10/07/2020,2020,7,10,CONDUCTOR,MOTO,MASCULINO,21,10/07/2020
2020-0033,19/07/2020,2020,7,19,CONDUCTOR,AUTO,MASCULINO,32,19/07/2020
2020-0034,02/08/2020,2020,8,2,PEATON,PEATON,FEMENINO,SD,02/08/2020
2020-0035,04/08/2020,2020,8,4,CONDUCTOR,MOTO,MASCULINO,40,04/08/2020
2020-0036,07/08/2020,2020,8,7,PEATON,PEATON,MASCULINO,72,22/08/2020
2020-0037,29/08/2020,2020,8,29,PEATON,PEATON,MASCULINO,38,29/08/2020
2020-0038,30/08/2020,2020,8,30,CONDUCTOR,AUTO,MASCULINO,46,30/08/2020
2020-0038,30/08/2020,2020,8,30,CONDUCTOR,AUTO,MASCULINO,64,30/08/2020
2020-0039,01/09/2020,2020,9,1,PEATON,PEATON,MASCULINO,44,01/09/2020
2020-0040,12/09/2020,2020,9,12,CONDUCTOR,AUTO,MASCULINO,SD,12/09/2020
2020-0041,28/09/2020,2020,9,28,CONDUCTOR,MOTO,MASCULINO,34,28/09/2020
2020-0042,29/09/2020,2020,9,29,PEATON,PEATON,FEMENINO,53,29/09/2020
2020-0043,30/09/2020,2020,9,30,PEATON,PEATON,MASCULINO,64,30/09/2020
2020-0044,05/10/2020,2020,10,5,CONDUCTOR,AUTO,MASCULINO,43,05/10/2020
2020-0045,19/10/2020,2020,10,19,CONDUCTOR,AUTO,MASCULINO,50,19/10/2020
2020-0046,27/10/2020,2020,10,27,CONDUCTOR,MOTO,MASCULINO,41,27/10/2020
2020-0047,27/10/2020,2020,10,27,PEATON,PEATON,MASCULINO,15,27/10/2020
2020-0048,29/10/2020,2020,10,29,CONDUCTOR,MOTO,MASCULINO,41,29/10/2020
2020-0049,30/10/2020,2020,10,30,PEATON,PEATON,MASCULINO,36,30/10/2020
2020-0050,01/11/2020,2020,11,1,PEATON,PEATON,FEMENINO,28,01/11/2020
2020-0051,05/11/2020,2020,11,5,CONDUCTOR,MOTO,MASCULINO,49,05/11/2020
2020-0052,07/11/2020,2020,11,7,CICLISTA,BICICLETA,MASCULINO,44,07/11/2020
2020-0053,09/11/2020,2020,11,9,PASAJERO_ACOMPA베NTE,AUTO,MASCULINO,27,09/11/2020
2020-0054,19/11/2020,2020,11,19,CICLISTA,BICICLETA,MASCULINO,59,23/11/2020
2020-0055,19/11/2020,2020,11,19,PEATON,PEATON,MASCULINO,91,11/12/2020
2020-0056,21/11/2020,2020,11,21,CONDUCTOR,MOTO,FEMENINO,34,21/11/2020
2020-0057,23/11/2020,2020,11,23,PEATON,PEATON,MASCULINO,84,23/11/2020
2020-0058,24/11/2020,2020,11,24,PEATON,PEATON,MASCULINO,57,25/11/2020
2020-0059,01/12/2020,2020,12,1,PEATON,PEATON,FEMENINO,49,14/12/2020
2020-0060,03/12/2020,2020,12,3,PEATON,PEATON,FEMENINO,69,03/12/2020
2020-0061,03/12/2020,2020,12,3,CONDUCTOR,MOTO,MASCULINO,45,04/12/2020
2020-0062,04/12/2020,2020,12,4,CICLISTA,BICICLETA,MASCULINO,47,04/12/2020
2020-0063,05/12/2020,2020,12,5,PEATON,PEATON,MASCULINO,38,05/12/2020
2020-0063,05/12/2020,2020,12,5,PASAJERO_ACOMPA베NTE,MOTO,MASCULINO,21,05/12/2020
2020-0065,05/12/2020,2020,12,5,CONDUCTOR,MOTO,MASCULINO,24,06/12/2020
2020-0066,07/12/2020,2020,12,7,CONDUCTOR,MOTO,MASCULINO,27,07/12/2020
2020-0067,11/12/2020,2020,12,11,PEATON,PEATON,MASCULINO,51,11/12/2020
2020-0068,12/12/2020,2020,12,12,CONDUCTOR,MOTO,MASCULINO,71,20/12/2020
2020-0069,15/12/2020,2020,12,15,PASAJERO_ACOMPA베NTE,MOTO,MASCULINO,25,15/12/2020
2020-0070,17/12/2020,2020,12,17,PEATON,PEATON,FEMENINO,81,22/12/2020
2020-0071,17/12/2020,2020,12,17,PEATON,PEATON,MASCULINO,4,17/12/2020
2020-0072,19/12/2020,2020,12,19,CICLISTA,BICICLETA,MASCULINO,42,19/12/2020
2020-0073,20/12/2020,2020,12,20,CONDUCTOR,MOTO,MASCULINO,56,20/12/2020
2020-0074,20/12/2020,2020,12,20,CONDUCTOR,AUTO,MASCULINO,39,20/12/2020
2020-0075,23/12/2020,2020,12,23,PEATON,PEATON,MASCULINO,23,23/12/2020
2020-0076,24/12/2020,2020,12,24,CONDUCTOR,AUTO,FEMENINO,78,17/01/2021
2020-0077,25/12/2020,2020,12,25,CONDUCTOR,MOTO,FEMENINO,30,25/12/2020
2020-0077,25/12/2020,2020,12,25,PASAJERO_ACOMPA베NTE,MOTO,FEMENINO,24,25/12/2020
2020-0078,25/12/2020,2020,12,25,CICLISTA,BICICLETA,MASCULINO,26,25/12/2020
2020-0079,27/12/2020,2020,12,27,CONDUCTOR,MOTO,MASCULINO,28,27/12/2020
2021-0001,06/01/2021,2021,1,6,CONDUCTOR,MOTO,MASCULINO,36,06/01/2021
2021-0002,07/01/2021,2021,1,7,CONDUCTOR,MOTO,FEMENINO,47,07/01/2021
2021-0003,10/01/2021,2021,1,10,CONDUCTOR,MOTO,MASCULINO,27,10/01/2021
2021-0004,11/01/2021,2021,1,11,PEATON,PEATON,FEMENINO,61,11/01/2021
2021-0005,11/01/2021,2021,1,11,PEATON,PEATON,MASCULINO,73,14/01/2021
2021-0006,12/01/2021,2021,1,12,PASAJERO_ACOMPA베NTE,MOTO,FEMENINO,23,12/01/2021
2021-0007,18/01/2021,2021,1,18,CONDUCTOR,MOTO,MASCULINO,84,26/01/2021
2021-0008,22/01/2021,2021,1,22,PEATON,PEATON,MASCULINO,28,22/01/2021
2021-0009,23/01/2021,2021,1,23,CONDUCTOR,MOTO,MASCULINO,31,23/01/2021
2021-0010,23/01/2021,2021,1,23,CONDUCTOR,MOTO,MASCULINO,28,23/01/2021
2021-0011,27/01/2021,2021,1,27,PEATON,PEATON,MASCULINO,21,27/01/2021
2021-0012,29/01/2021,2021,1,29,PEATON,PEATON,MASCULINO,SD,29/01/2021
2021-0013,31/01/2021,2021,1,31,CONDUCTOR,MOTO,MASCULINO,41,31/01/2021
2021-0014,02/02/2021,2021,2,2,PEATON,PEATON,MASCULINO,28,18/02/2021
2021-0015,06/02/2021,2021,2,6,CONDUCTOR,MOTO,MASCULINO,26,06/02/2021
2021-0016,14/02/2021,2021,2,14,CONDUCTOR,AUTO,MASCULINO,22,14/02/2021
2021-0017,17/02/2021,2021,2,17,CONDUCTOR,MOTO,MASCULINO,33,17/02/2021
2021-0018,20/02/2021,2021,2,20,PEATON,PEATON,MASCULINO,36,08/03/2021
2021-0019,21/02/2021,2021,2,21,CONDUCTOR,MOTO,MASCULINO,30,21/02/2021
2021-0020,21/02/2021,2021,2,21,PEATON,PEATON,FEMENINO,SD,21/02/2021
2021-0021,26/02/2021,2021,2,26,CONDUCTOR,MOTO,MASCULINO,39,04/03/2021
2021-0022,28/02/2021,2021,2,28,PASAJERO_ACOMPA베NTE,PASAJEROS,MASCULINO,68,06/03/2021
2021-0023,01/03/2021,2021,3,1,CONDUCTOR,MOTO,MASCULINO,24,01/03/2021
2021-0024,03/03/2021,2021,3,3,CICLISTA,BICICLETA,MASCULINO,5,03/03/2021
2021-0025,11/03/2021,2021,3,11,CONDUCTOR,MOTO,MASCULINO,37,11/03/2021
2021-0026,15/03/2021,2021,3,15,CONDUCTOR,MOTO,MASCULINO,36,15/03/2021
2021-0027,16/03/2021,2021,3,16,CONDUCTOR,MOTO,FEMENINO,19,16/03/2021
2021-0028,29/03/2021,2021,3,29,PEATON,PEATON,MASCULINO,SD,29/03/2021
2021-0029,31/03/2021,2021,3,31,CONDUCTOR,AUTO,MASCULINO,26,02/04/2021
2021-0030,03/04/2021,2021,4,3,PEATON,PEATON,MASCULINO,36,07/04/2021
2021-0031,07/04/2021,2021,4,7,PEATON,PEATON,FEMENINO,68,11/04/2021
2021-0032,10/04/2021,2021,4,10,PEATON,PEATON,MASCULINO,60,29/04/2021
2021-0033,14/04/2021,2021,4,14,CONDUCTOR,AUTO,MASCULINO,33,14/04/2021
2021-0034,19/04/2021,2021,4,19,PASAJERO_ACOMPA베NTE,MOTO,FEMENINO,26,19/04/2021
2021-0035,03/05/2021,2021,5,3,CONDUCTOR,MOTO,MASCULINO,24,03/05/2021
2021-0036,09/05/2021,2021,5,9,CONDUCTOR,MOTO,MASCULINO,36,09/05/2021
2021-0037,11/05/2021,2021,5,11,PEATON,PEATON,FEMENINO,58,11/05/2021
2021-0038,14/05/2021,2021,5,14,CONDUCTOR,MOTO,FEMENINO,44,14/05/2021
2021-0039,15/05/2021,2021,5,15,CICLISTA,BICICLETA,MASCULINO,86,05/06/2021
2021-0040,20/05/2021,2021,5,20,CONDUCTOR,MOTO,MASCULINO,27,20/05/2021
2021-0041,20/05/2021,2021,5,20,PEATON,PEATON,MASCULINO,75,20/05/2021
2021-0042,21/05/2021,2021,5,21,PEATON,PEATON,MASCULINO,39,21/05/2021
2021-0043,22/05/2021,2021,5,22,PEATON,PEATON,MASCULINO,50,22/05/2021
2021-0044,25/05/2021,2021,5,25,PASAJERO_ACOMPA베NTE,MOTO,MASCULINO,21,25/05/2021
2021-0045,26/05/2021,2021,5,26,CONDUCTOR,MOTO,MASCULINO,22,26/05/2021
2021-0046,31/05/2021,2021,5,31,PASAJERO_ACOMPA베NTE,AUTO,MASCULINO,20,31/05/2021
2021-0047,02/06/2021,2021,6,2,CONDUCTOR,MOTO,MASCULINO,59,02/06/2021
2021-0048,03/06/2021,2021,6,3,CICLISTA,BICICLETA,MASCULINO,44,23/06/2021
2021-0049,03/06/2021,2021,6,3,CONDUCTOR,AUTO,MASCULINO,74,03/06/2021
2021-0050,10/06/2021,2021,6,10,CONDUCTOR,MOTO,MASCULINO,56,10/06/2021
2021-0051,15/06/2021,2021,6,15,PEATON,PEATON,MASCULINO,73,16/06/2021
2021-0052,20/06/2021,2021,6,20,PASAJERO_ACOMPA베NTE,MOTO,FEMENINO,19,20/06/2021
2021-0053,20/06/2021,2021,6,20,PEATON,PEATON,MASCULINO,58,30/06/2021
2021-0054,22/06/2021,2021,6,22,CONDUCTOR,MOTO,MASCULINO,41,22/06/2021
2021-0055,29/06/2021,2021,6,29,PASAJERO_ACOMPA베NTE,MOTO,MASCULINO,47,29/06/2021
2021-0056,09/07/2021,2021,7,9,CICLISTA,BICICLETA,MASCULINO,60,09/07/2021
2021-0057,10/07/2021,2021,7,10,CONDUCTOR,AUTO,MASCULINO,46,10/07/2021
2021-0058,21/07/2021,2021,7,21,PEATON,PEATON,MASCULINO,24,21/07/2021
2021-0059,22/07/2021,2021,7,22,PASAJERO_ACOMPA베NTE,AUTO,FEMENINO,44,22/07/2021
2021-0060,22/07/2021,2021,7,22,PEATON,PEATON,FEMENINO,80,22/07/2021
2021-0061,24/07/2021,2021,7,24,PEATON,PEATON,FEMENINO,55,24/07/2021
2021-0062,27/07/2021,2021,7,27,CONDUCTOR,AUTO,MASCULINO,73,27/07/2021
2021-0063,02/08/2021,2021,8,2,PASAJERO_ACOMPA베NTE,AUTO,FEMENINO,31,02/08/2021
2021-0064,02/08/2021,2021,8,2,PEATON,PEATON,MASCULINO,37,03/08/2021
2021-0065,06/08/2021,2021,8,6,PEATON,PEATON,FEMENINO,63,10/08/2021
2021-0066,06/08/2021,2021,8,6,PEATON,PEATON,MASCULINO,59,09/08/2021
2021-0067,08/08/2021,2021,8,8,CONDUCTOR,MOTO,MASCULINO,27,08/08/2021
2021-0068,15/08/2021,2021,8,15,CONDUCTOR,MOTO,MASCULINO,39,15/08/2021
2021-0069,20/08/2021,2021,8,20,PEATON,PEATON,MASCULINO,17,21/08/2021
2021-0070,28/08/2021,2021,8,28,CONDUCTOR,MOTO,MASCULINO,31,28/08/2021
2021-0071,31/08/2021,2021,8,31,PEATON,PEATON,MASCULINO,88,01/09/2021
2021-0072,01/09/2021,2021,9,1,PEATON,PEATON,FEMENINO,57,01/09/2021
2021-0073,18/09/2021,2021,9,18,CICLISTA,BICICLETA,FEMENINO,76,18/09/2021
2021-0074,20/09/2021,2021,9,20,CONDUCTOR,MOTO,MASCULINO,55,20/09/2021
2021-0075,21/09/2021,2021,9,21,PEATON,PEATON,MASCULINO,65,21/09/2021
2021-0076,16/10/2021,2021,10,16,CONDUCTOR,MOTO,MASCULINO,31,16/10/2021
2021-0077,18/10/2021,2021,10,18,CONDUCTOR,MOTO,FEMENINO,31,18/10/2021
2021-0078,23/10/2021,2021,10,23,CONDUCTOR,MOTO,MASCULINO,22,23/10/2021
2021-0079,25/10/2021,2021,10,25,PEATON,PEATON,MASCULINO,SD,25/10/2021
2021-0080,28/10/2021,2021,10,28,CONDUCTOR,MOTO,MASCULINO,32,28/10/2021
2021-0081,02/11/2021,2021,11,2,CONDUCTOR,MOTO,MASCULINO,26,02/11/2021
2021-0082,06/11/2021,2021,11,6,CONDUCTOR,MOTO,MASCULINO,38,06/11/2021
2021-0083,09/11/2021,2021,11,9,CONDUCTOR,MOTO,MASCULINO,30,09/11/2021
2021-0084,11/11/2021,2021,11,11,CONDUCTOR,AUTO,MASCULINO,32,11/11/2021
2021-0097,18/11/2021,2021,11,18,CICLISTA,BICICLETA,MASCULINO,53,19/11/2021
2021-0085,20/11/2021,2021,11,20,CONDUCTOR,MOTO,MASCULINO,49,20/11/2021
2021-0086,25/11/2021,2021,11,25,PEATON,PEATON,MASCULINO,75,25/11/2021
2021-0087,27/11/2021,2021,11,27,PEATON,PEATON,FEMENINO,73,27/11/2021
2021-0088,01/12/2021,2021,12,1,CONDUCTOR,MOTO,MASCULINO,45,07/12/2021
2021-0089,02/12/2021,2021,12,2,CONDUCTOR,MOTO,MASCULINO,41,11/12/2021
2021-0090,10/12/2021,2021,12,10,PEATON,PEATON,MASCULINO,73,03/01/2022
2021-0091,11/12/2021,2021,12,11,CONDUCTOR,MOTO,MASCULINO,24,11/12/2021
2021-0092,12/12/2021,2021,12,12,PEATON,PEATON,FEMENINO,50,12/12/2021
2021-0093,13/12/2021,2021,12,13,PASAJERO_ACOMPA베NTE,MOTO,FEMENINO,18,18/12/2021
2021-0094,20/12/2021,2021,12,20,PASAJERO_ACOMPA베NTE,MOTO,FEMENINO,43,20/12/2021
2021-0095,30/12/2021,2021,12,30,CONDUCTOR,MOTO,MASCULINO,27,02/01/2022
2021-0096,15/12/2021,2021,12,15,CONDUCTOR,AUTO,MASCULINO,60,20/12/2021
,,,,,,,,,
,,,,,,,,,
,,,,,,,,,
